Name,Gender
James,M
John,M
Robert,M
Michael,M
William,M
Mary,F
David,M
Joseph,M
Richard,M
Charles,M
Thomas,M
Christopher,M
Daniel,M
Matthew,M
Elizabeth,F
Patricia,F
Jennifer,F
Anthony,M
George,M
Linda,F
Barbara,F
Donald,M
Paul,M
Mark,M
Andrew,M
Steven,M
Kenneth,M
Edward,M
Joshua,M
Margaret,F
Brian,M
Kevin,M
Jessica,F
Sarah,F
Susan,F
Timothy,M
Dorothy,F
Jason,M
Ronald,M
Helen,F
Ryan,M
Jeffrey,M
Karen,F
Nancy,F
Betty,F
Lisa,F
Jacob,M
Nicholas,M
Ashley,F
Eric,M
Frank,M
Gary,M
Anna,F
Stephen,M
Jonathan,M
Sandra,F
Emily,F
Amanda,F
Kimberly,F
Michelle,F
Donna,F
Justin,M
Laura,F
Ruth,F
Carol,F
Brandon,M
Larry,M
Scott,M
Melissa,F
Stephanie,F
Benjamin,M
Raymond,M
Samuel,M
Rebecca,F
Deborah,F
Gregory,M
Sharon,F
Kathleen,F
Amy,F
Cynthia,F
Alexander,M
Patrick,M
Jack,M
Henry,M
Angela,F
Shirley,F
Emma,F
Catherine,F
Katherine,F
Virginia,F
Nicole,F
Dennis,M
Walter,M
Tyler,M
Peter,M
Brenda,F
Aaron,M
Jerry,M
Christine,F
Samantha,F
Adam,M
Rachel,F
Pamela,F
Frances,F
Nathan,M
Douglas,M
Heather,F
Evelyn,F
Jose,M
Alice,F
Janet,F
Maria,F
Zachary,M
Carolyn,F
Debra,F
Harold,M
Martha,F
Marie,F
Arthur,M
Julie,F
Kyle,M
Diane,F
Christina,F
Victoria,F
Joyce,F
Carl,M
Lauren,F
Grace,F
Kelly,F
Albert,M
Rose,F
Megan,F
Joan,F
Jeremy,M
Ann,F
Julia,F
Kathryn,F
Lawrence,M
Olivia,F
Judith,F
Doris,F
Jean,F
Andrea,F
Gerald,M
Sean,M
Joe,M
Keith,M
Sara,F
Cheryl,F
Hannah,F
Mildred,F
Willie,M
Lillian,F
Roger,M
Jesse,M
Jacqueline,F
Ethan,M
Terry,M
Christian,M
Harry,M
Teresa,F
Austin,M
Gloria,F
Ralph,M
Janice,F
Roy,M
Theresa,F
Amber,F
Danielle,F
Noah,M
Bryan,M
Jordan,M
Louis,M
Brittany,F
Bruce,M
Madison,F
Judy,F
Billy,M
Dylan,M
Denise,F
Beverly,F
Eugene,M
Jane,F
Marilyn,F
Abigail,F
Diana,F
Charlotte,F
Natalie,F
Tiffany,F
Wayne,M
Russell,M
Alan,M
Crystal,F
Sophia,F
Irene,F
Juan,M
Ruby,F
Gabriel,M
Philip,M
Annie,F
Kayla,F
Vincent,M
Lori,F
Howard,M
Alexis,F
Erin,F
Fred,M
Logan,M
Isabella,F
Tammy,F
Louise,F
Florence,F
Randy,M
Bradley,M
Kathy,F
Lois,F
Anne,F
Bonnie,F
Victor,M
Taylor,F
Travis,M
Phyllis,F
Shawn,M
Phillip,M
Shannon,F
Martin,M
Johnny,M
Craig,M
Allison,F
Bobby,M
Alyssa,F
Ella,F
Josephine,F
Ernest,M
Stanley,M
Cody,M
Clarence,M
Tina,F
Elijah,M
Leonard,M
Carlos,M
Dawn,F
Robin,F
Edna,F
Cameron,M
Peggy,F
Caleb,M
Eleanor,F
Isaac,M
Todd,M
Jamie,F
Earl,M
Francis,M
Jimmy,M
Mason,M
Danny,M
Audrey,F
Rita,F
Luke,M
Dale,M
Alex,M
Paula,F
Clara,F
Wanda,F
Joel,M
Evan,M
Norma,F
Luis,M
Courtney,F
Ethel,F
Nathaniel,M
Wendy,F
Ellen,F
Leslie,F
Marjorie,F
Vanessa,F
Allen,M
Valerie,F
Carrie,F
Ava,F
Eva,F
Frederick,M
Curtis,M
Edith,F
Connie,F
Lucas,M
Gladys,F
Cindy,F
Tracy,F
Elaine,F
Hazel,F
Monica,F
Norman,M
Esther,F
Melanie,F
Brianna,F
Antonio,M
Jasmine,F
Chad,M
Katie,F
Tony,M
Rodney,M
Glenn,M
Marvin,M
April,F
Derek,M
Erica,F
Ian,M
Adrian,M
Theodore,M
Alexandra,F
Marcus,M
Alfred,M
Jackson,M
Edwin,M
Melvin,M
Sylvia,F
Sheila,F
Alicia,F
Steve,M
Leah,F
Hunter,M
Lee,M
Jeffery,M
Kristen,F
Caroline,F
Mia,F
Sherry,F
Angel,M
Jesus,M
Dustin,M
Herbert,M
Pauline,F
Michele,F
Veronica,F
Ricky,M
Liam,M
Wesley,M
Thelma,F
Suzanne,F
Lucille,F
Morgan,F
Joanne,F
Troy,M
Chloe,F
Anita,F
Connor,M
Isaiah,M
Julian,M
Jared,M
Holly,F
Lorraine,F
Jayden,M
Jill,F
Geraldine,F
Rhonda,F
Dolores,F
Eddie,M
Vivian,F
Darlene,F
Aiden,M
Calvin,M
Shane,M
Leo,M
Juanita,F
Sally,F
Lucy,F
Bertha,F
Gail,F
Oscar,M
Mike,M
Randall,M
Ray,M
Bernard,M
Jeremiah,M
Dana,F
Brooke,F
Leroy,M
Amelia,F
Corey,M
June,F
Owen,M
Claire,F
Jay,M
Kristin,F
Beatrice,F
Clifford,M
Marion,F
Renee,F
Tara,F
Madeline,F
Barry,M
Debbie,F
Eileen,F
Manuel,M
Ida,F
Lynn,F
Blake,M
Dean,M
Kim,F
Bernice,F
Ronnie,M
Warren,M
Gavin,M
Miguel,M
Cassandra,F
Regina,F
Elsie,F
Jo,F
Tommy,M
Trevor,M
Stella,F
Gertrude,F
Loretta,F
Rosa,F
Sydney,F
Oliver,M
Chelsea,F
Roberta,F
Savannah,F
Lindsey,F
Brett,M
Colleen,F
Gordon,M
Mitchell,M
Charlie,M
Dominic,M
Jessie,F
Annette,F
Molly,F
Cathy,F
Stacy,F
Laurie,F
Lydia,F
Jon,M
Chase,M
Leon,M
Bessie,F
Seth,M
Kaitlyn,F
Don,M
Naomi,F
Jeanette,F
Hailey,F
Jeanne,F
Darrell,M
Lloyd,M
Carter,M
Jerome,M
Erik,M
Alvin,M
Beth,F
Jenna,F
Yvonne,F
Rosemary,F
Landon,M
Bill,M
Haley,F
Alma,F
Wyatt,M
Micheal,M
Agnes,F
Gina,F
Minnie,F
Sebastian,M
Devin,M
Georgia,F
Stacey,F
Pearl,F
Vicki,F
Joann,F
Max,M
Kelsey,F
Lillie,F
Levi,M
Lily,F
Floyd,M
Carla,F
Edgar,M
Lewis,M
Jim,M
Nora,F
Maureen,F
Brent,M
Heidi,F
Derrick,M
Mario,M
Nellie,F
Lindsay,F
Kristina,F
Shelby,F
Terri,F
Destiny,F
Vernon,M
Paige,F
Chris,M
Marc,M
Violet,F
Willie,F
Arlene,F
Sue,F
Cole,M
Daisy,F
Sabrina,F
Ricardo,M
Carmen,F
Clyde,M
Marian,F
Vera,F
Constance,F
Deanna,F
Wilma,F
Colin,M
Melinda,F
Tom,M
Lena,F
Tamara,F
Joy,F
Faith,F
Clayton,M
Maurice,M
Gabrielle,F
Cory,M
Franklin,M
Ivan,M
Xavier,M
Charlene,F
Katelyn,F
Francisco,M
Sofia,F
Garrett,M
Myrtle,F
Cora,F
Jordan,F
Alejandro,M
Herman,M
Mabel,F
Jorge,M
Marcia,F
Grant,M
Marlene,F
Erika,F
Zoe,F
Mackenzie,F
Glen,M
Viola,F
Gilbert,M
Jake,M
Mattie,F
Nina,F
Claudia,F
Lester,M
Kaylee,F
Avery,F
Elmer,M
Tanya,F
Andre,M
Alexa,F
Jennie,F
Autumn,F
Sadie,F
Gene,M
Sam,M
Marissa,F
Colton,M
Spencer,M
Eli,M
Alison,F
Caitlin,F
Harvey,M
Tonya,F
Priscilla,F
Addison,F
Isabel,F
Angelina,F
Brayden,M
Sophie,F
Chester,M
Jeff,M
Gwendolyn,F
Casey,M
Bryce,M
Patsy,F
Tristan,M
Gabriella,F
Taylor,M
Leslie,M
Maggie,F
Miranda,F
Darren,M
Delores,F
Milton,M
Duane,M
Preston,M
Kylie,F
Reginald,M
Genevieve,F
Ruben,M
Aidan,M
Brandy,F
Yolanda,F
Maxine,F
Aubrey,F
Jessie,M
Roberto,M
Carole,F
Jimmie,M
Joanna,F
Neil,M
Miriam,F
Natasha,F
Carson,M
Katrina,F
Leona,F
Glenda,F
Lance,M
Mae,F
Mariah,F
Vickie,F
Brandi,F
Whitney,F
Jocelyn,F
Josiah,M
Everett,M
Riley,F
Diego,M
Parker,M
Cecil,M
Kara,F
Dan,M
Meghan,F
Dora,F
Brooklyn,F
Margie,F
Allan,M
Bethany,F
Eduardo,M
Ana,F
Hector,M
Arnold,M
Marsha,F
Karl,M
Nolan,M
Makayla,F
Hayden,M
Toni,F
Riley,M
Christy,F
Clinton,M
Billie,F
Johnnie,M
Dianne,F
Ariana,F
Kendra,F
Alexandria,F
Sierra,F
Bailey,F
Javier,M
Penny,F
Maya,F
Melody,F
Angel,F
Roland,M
Omar,M
Hattie,F
Johnathan,M
Kay,F
Cecilia,F
Fernando,M
Terry,F
Darryl,M
Brendan,M
Felicia,F
Maxwell,M
Jenny,F
Micah,M
Isabelle,F
Ada,F
Briana,F
Tanner,M
Marguerite,F
Jamie,M
Lonnie,M
Angelica,F
Marshall,M
Bridget,F
Tracey,F
Bob,M
Abraham,M
Arianna,F
Madelyn,F
Adriana,F
Andy,M
Brady,M
Guy,M
Nicolas,M
Jackie,F
Candace,F
Hope,F
Karla,F
Claude,M
Pedro,M
Jillian,F
Brittney,F
Rachael,F
Damian,M
Lola,F
Ross,M
Kate,F
Layla,F
Jade,F
Harriet,F
Bobbie,F
Misty,F
Cooper,M
Kurt,M
Kristine,F
Aaliyah,F
Geneva,F
Desiree,F
Dakota,M
Shelly,F
Becky,F
Jacquelyn,F
Kelly,M
Blanche,F
Velma,F
Krystal,F
Raul,M
Brad,M
Ben,M
Sherri,F
Andres,M
Susie,F
Fannie,F
Sidney,M
Zoey,F
Miles,M
Breanna,F
Monique,F
Hugh,M
Lula,F
Iris,F
Mathew,M
Byron,M
Jodi,F
Casey,F
Tim,M
Elias,M
Rick,M
Wallace,M
Harper,F
Summer,F
Grayson,M
Dalton,M
Lynda,F
Harrison,M
Krista,F
Hilda,F
Tyrone,M
Jaxon,M
Rafael,M
Gabriela,F
Nevaeh,F
Sheryl,F
Drew,M
Kristi,F
Rosie,F
Elena,F
Angelo,M
Eunice,F
Shelley,F
Nelson,M
Antoinette,F
Dwayne,M
Dwight,M
Kelli,F
Julius,M
Jackie,M
Trinity,F
Shaun,M
Meredith,F
Kaleb,M
Sergio,M
Collin,M
Rebekah,F
Greg,M
Emmanuel,M
Mamie,F
Willard,M
Ramon,M
Perry,M
Bianca,F
Kristy,F
Candice,F
Jaden,M
Belinda,F
Gracie,F
Devon,M
Ted,M
Terrence,M
Janie,F
Stuart,M
Armando,M
Rosalie,F
Marco,M
Cesar,M
Ayden,M
Ashton,M
Irma,F
Peyton,F
Wade,M
Terrance,M
Erick,M
Freddie,M
Beulah,F
Felix,M
Kennedy,F
Marion,M
Ariel,F
Brody,M
Virgil,M
Adrienne,F
Roman,M
Morris,M
Robyn,F
Clifton,M
Kent,M
Jonathon,M
Jaime,M
Kirk,M
Sandy,F
Jeannette,F
Alberta,F
Elise,F
Verna,F
Giovanni,M
Camila,F
Simon,M
Carly,F
Faye,F
Sonia,F
Camille,F
Opal,F
Nichole,F
Ramona,F
Cheyenne,F
Scarlett,F
Flora,F
Sonya,F
Jace,M
Della,F
Leonardo,M
Penelope,F
Lorenzo,M
Genesis,F
Jonah,M
Daryl,M
Lila,F
Kristopher,M
Natalia,F
Malcolm,M
Gianna,F
Inez,F
Skylar,F
Valeria,F
Marianne,F
Damon,M
Lincoln,M
Luther,M
Ellie,F
Guadalupe,F
Fredrick,M
Jada,F
Yvette,F
Dillon,M
Dallas,M
Alexis,M
Marcella,F
Geoffrey,M
Dave,M
Hudson,M
Dominick,M
Bryson,M
Angie,F
Lynne,F
Lee,F
Kari,F
Bella,F
Cristian,M
Maryann,F
Gayle,F
Tabitha,F
Sheri,F
Patty,F
Olga,F
Rickey,M
Israel,M
Alisha,F
Alberto,M
Santiago,M
Tracy,M
Julio,M
Kaden,M
Abby,F
Alana,F
Daniela,F
Kaitlin,F
Myra,F
Roxanne,F
Caden,M
Damien,M
Annabelle,F
Karina,F
Donnie,M
Kendall,F
Homer,M
Lyle,M
Mallory,F
Callie,F
Juliana,F
Josie,F
Celeste,F
Mckenzie,F
Adeline,F
Cassidy,F
Gerard,M
Aurora,F
Rex,M
Enrique,M
Otis,M
Lilly,F
Gage,M
Jody,F
Earnest,M
Donovan,M
Janelle,F
Serenity,F
Trenton,M
Aimee,F
Kirsten,F
Asher,M
Hubert,M
Dianna,F
Avery,M
Cecelia,F
Dominique,F
Mya,F
Emmett,M
Olive,F
Wilbur,M
Lacey,F
Liliana,F
Mateo,M
Salvatore,M
Cara,F
Muriel,F
Alfredo,M
Neal,M
Mikayla,F
Eliza,F
Hayley,F
Nadine,F
Bernadette,F
Celia,F
Arturo,M
Cristina,F
Jan,F
Jordyn,F
Lana,F
Erma,F
Dana,M
Jaclyn,F
Vicky,F
Caitlyn,F
Alec,M
Gretchen,F
Leland,M
Johanna,F
Horace,M
Shannon,M
Jaime,F
Colby,M
Joey,M
Abel,M
Traci,F
Kellie,F
Estelle,F
Kerry,F
Ira,M
Conner,M
Payton,F
Wendell,M
Ezra,M
Trent,M
Eloise,F
Rudolph,M
Aria,F
Ivy,F
Graham,M
Allyson,F
Darius,M
Michaela,F
Gerardo,M
Lora,F
Mable,F
Kerry,M
Selena,F
Kelvin,M
Bennie,M
Garry,M
Lynn,M
Rylee,F
Willis,M
Kenny,M
Reagan,F
Tessa,F
Easton,M
Kayden,M
Edmund,M
Rosemarie,F
Archie,M
Bryant,M
Marisa,F
Latoya,F
Rene,M
Emanuel,M
Alejandra,F
Raquel,F
Tyson,M
Randolph,M
Henrietta,F
Corinne,F
Marcos,M
Doreen,F
Nick,M
Kiara,F
Josue,M
Roderick,M
Robin,M
Janis,F
Sallie,F
Shawna,F
May,F
Chance,M
Cassie,F
Forrest,M
Nettie,F
Braxton,M
Carlton,M
Rudy,M
Allie,F
Noel,M
Betsy,F
Malachi,M
Christie,F
Johnnie,F
Zane,M
Orlando,M
Peyton,M
Rochelle,F
Silas,M
Ashlee,F
Elisabeth,F
Elliott,M
Kylee,F
Salvador,M
Shelia,F
Ryder,M
Kelley,F
Weston,M
Leila,F
Grady,M
Mollie,F
Lynette,F
Benny,M
Laurel,F
Wilson,M
Meagan,F
Ty,M
Delbert,M
Eula,F
Alton,M
Piper,F
Anastasia,F
Jana,F
Loren,M
Jaxson,M
Braden,M
Ginger,F
Esmeralda,F
Paulette,F
Julianna,F
Clark,M
Jasmin,F
Ashlyn,F
Mona,F
Lottie,F
Mercedes,F
Adrianna,F
Ezekiel,M
Morgan,M
August,M
Pablo,M
Mandy,F
Sawyer,M
Dante,M
Maude,F
Lorena,F
Will,M
Myron,M
Lucia,F
Teri,F
Bentley,M
Patti,F
Serena,F
Jasper,M
Nadia,F
Camden,M
Elisa,F
Alexia,F
Elliot,M
Giselle,F
Brock,M
Malik,M
Mindy,F
Addie,F
Myles,M
Ernestine,F
Ernesto,M
Carolina,F
Irving,M
Effie,F
Katharine,F
Winifred,F
Leticia,F
Mila,F
Pete,M
Dixie,F
Kimberley,F
Trisha,F
Kai,M
Kyla,F
Nikki,F
Sammy,M
Sylvester,M
Madeleine,F
Ebony,F
Jermaine,M
Laverne,F
Darla,F
Ellis,M
Freda,F
Bennett,M
Quentin,M
Tricia,F
Lela,F
Shari,F
Alonzo,M
Cedric,M
Axel,M
Jazmin,F
Justine,F
Tucker,M
Leigh,F
Alaina,F
Griffin,M
Frankie,M
Etta,F
Lowell,M
Sonja,F
Adele,F
Emilio,M
Ollie,F
Stacie,F
Laurence,M
Stefanie,F
Junior,M
Raven,F
Alfonso,M
Delilah,F
Harley,M
Aubree,F
Makenzie,F
Nickolas,M
Kristie,F
Skyler,M
Jewel,F
Saul,M
Fabian,M
Clarissa,F
Margarita,F
Beau,M
Pat,F
Wilbert,M
Jayla,F
Alissa,F
Kerri,F
Yesenia,F
Moses,M
Aliyah,F
Hanna,F
Eliana,F
Estella,F
Irvin,M
Lorene,F
Sherman,M
Essie,F
Dawson,M
Khloe,F
Rena,F
Marla,F
Trey,M
Tasha,F
Marina,F
Sheldon,M
Tami,F
Ora,F
Bonita,F
Lane,M
Mack,M
Lizzie,F
Woodrow,M
Sasha,F
Ervin,M
Alondra,F
Jude,M
Kaiden,M
Lucinda,F
Bettie,F
Declan,M
Paisley,F
Gustavo,M
Clay,M
Mckenna,F
Kira,F
Daphne,F
Terence,M
Lesley,F
Roosevelt,M
Iva,F
Mariana,F
Britney,F
Delaney,F
Valentina,F
Emilia,F
Terrell,M
Helena,F
Desmond,M
Kyra,F
Cheri,F
Ismael,M
Rachelle,F
Gregg,M
Leanne,F
Fern,F
Tori,F
Janine,F
Delia,F
Jeannie,F
Charity,F
Jalen,M
London,F
Jazmine,F
Ron,M
Cornelius,M
Keegan,M
Corbin,M
Kim,M
Francine,F
Conrad,M
Laila,F
Ashleigh,F
Jameson,M
Angeline,F
Goldie,F
Rufus,M
Tammie,F
Lukas,M
Therese,F
Sherrie,F
Tia,F
Demetrius,M
Noelle,F
Eden,F
Aileen,F
Ciara,F
Christa,F
Greyson,M
Athena,F
Carroll,M
Reba,F
Reid,M
Patrice,F
Lenora,F
Toby,M
Alisa,F
Kendall,M
Dexter,M
Tatiana,F
Orville,M
Phoebe,F
Mayra,F
Bette,F
Ronda,F
Melba,F
Dane,M
Deloris,F
Quinn,M
Kasey,F
Lucile,F
Tommie,M
Brielle,F
Drake,M
Dakota,F
Trina,F
Luna,F
Dewey,M
Keri,F
Chelsey,F
Jayson,M
Amos,M
Dorothea,F
Jolene,F
Clint,M
Lamar,M
Frankie,F
Cayden,M
Hugo,M
Ina,F
Darin,M
Chandler,M
Rodolfo,M
Shawn,F
Antonia,F
Solomon,M
Marisol,F
Bert,M
Lou,F
Stewart,M
Kassandra,F
Matilda,F
Tracie,F
Jaylen,M
Elbert,M
Janette,F
Willow,F
Maddox,M
Helene,F
Fatima,F
Ken,M
Quinn,F
Brennan,M
Jamal,M
Amir,M
Dena,F
Leilani,F
Pam,F
Reese,F
Blaine,M
Diamond,F
Kameron,M
Otto,M
Bradford,M
Jody,M
Myrna,F
Sterling,M
Latasha,F
Teddy,M
Asia,F
Lea,F
Alina,F
Brooklynn,F
Fay,F
Shayla,F
Marty,M
Shana,F
Kayleigh,F
Jakob,M
Emil,M
Tania,F
Percy,M
Fiona,F
Zackary,M
Randi,F
Cherie,F
Billie,M
Keira,F
Julianne,F
Lionel,M
Dina,F
Reed,M
Savanna,F
Elva,F
Reuben,M
Esteban,M
Francesca,F
Lyla,F
Lorna,F
Hallie,F
Shauna,F
Wilfred,M
Amaya,F
Zachery,M
Quinton,M
Hillary,F
Kyler,M
Luca,M
Cleo,F
Darrin,M
Juliet,F
Guillermo,M
Gwen,F
Bret,M
Felipe,M
Katelynn,F
Jodie,F
Aubrey,M
Millie,F
Clare,F
Darrel,M
Luella,F
Merle,M
Shanna,F
Marlon,M
Rylan,M
Daniella,F
Cathleen,F
Doyle,M
Lara,F
Randal,M
Debora,F
Carissa,F
Macy,F
Rory,M
Brenna,F
Karin,F
Hadley,F
Heath,M
Kendrick,M
Paris,F
Eugenia,F
Alyson,F
Francis,F
Davis,M
Makenna,F
Elsa,F
Branden,M
Ola,F
Polly,F
Jayce,M
Jayne,F
Darnell,M
Jewell,F
Dick,M
Angelique,F
Jaiden,M
Tomas,M
Haylee,F
Joaquin,M
Joni,F
Candy,F
Alta,F
Sienna,F
Zion,M
Zachariah,M
Deandre,M
Royce,M
Louie,M
Talia,F
Juliette,F
Taryn,F
Cierra,F
Tiana,F
Cameron,F
Gilberto,M
Ali,M
Alivia,F
Susanne,F
Winston,M
Brooks,M
Rocco,M
Stephan,M
Van,M
Alayna,F
Antoine,M
Jarrod,M
Rosetta,F
Sheena,F
Moises,M
Leola,F
Kingston,M
Simone,F
Xander,M
Ingrid,F
Adelaide,F
Cade,M
Rocky,M
Evangeline,F
Imogene,F
Adan,M
Willa,F
Sondra,F
Anderson,M
Boyd,M
Mickey,M
Hayden,F
Harmony,F
Grover,M
Trudy,F
Elvira,F
Hilary,F
Nell,F
Staci,F
Johnathon,M
Pat,M
Emilie,F
Jenifer,F
Kinsley,F
Dewayne,M
Camryn,F
Rosalind,F
Arielle,F
Kailey,F
Selma,F
Brenden,M
Maximus,M
Luz,F
Eve,F
Freddy,M
King,M
Jerald,M
Ed,M
Ximena,F
Izabella,F
Charlie,F
Maverick,M
Ryker,M
Logan,F
Timmy,M
Rhoda,F
Vance,M
Greta,F
Glenna,F
Kali,F
Heaven,F
Eldon,M
Audra,F
Kiana,F
Blanca,F
Walker,M
Jonas,M
Nannie,F
Jess,M
Marley,F
Quincy,M
Clarice,F
Guadalupe,M
Chasity,F
Leanna,F
Frieda,F
Emerson,M
Isla,F
Rogelio,M
Ryleigh,F
Ramiro,M
Darwin,M
Ryan,F
Murray,M
Aniyah,F
Cary,M
Brynn,F
Leann,F
Maribel,F
Conor,M
Edmond,M
Kenya,F
Bobbi,F
Larissa,F
Jean,M
Margo,F
Lizbeth,F
Landen,M
Tiara,F
Gael,M
Marquis,M
Rowan,M
Thaddeus,M
Harley,F
Elaina,F
Malia,F
Bridgette,F
Jeannine,F
Tamika,F
Sidney,F
Jeanine,F
Matt,M
Ericka,F
Courtney,M
Milo,M
Winnie,F
Rodrigo,M
Deana,F
Lamont,M
Payton,M
Rolando,M
Emiliano,M
Skyler,F
Cruz,M
Julissa,F
India,F
Isiah,M
Anton,M
Brantley,M
Harlan,M
James,F
Alanna,F
Lexi,F
Garland,M
Colette,F
Waylon,M
Carmela,F
Nola,F
Imani,F
Holden,M
Jarrett,M
Ashlynn,F
Norah,F
Keisha,F
Camilla,F
Kody,M
Charley,M
Dominique,M
Emilee,F
Paola,F
Maritza,F
Aisha,F
Darcy,F
Chris,F
Jimmie,F
Brianne,F
Bettye,F
Jeri,F
Jan,M
Amie,F
Michael,F
Lenore,F
Cyrus,M
Emery,F
Dale,F
Jami,F
Duncan,M
Finn,M
Latonya,F
Stacy,M
Tonia,F
Buddy,M
Doug,M
Monte,M
Loyd,M
Angelia,F
Presley,F
Ila,F
Bailey,M
Issac,M
Burton,M
Nikolas,M
Robbie,F
Stefan,M
Jefferson,M
Rae,F
Teagan,F
Abbie,F
Lorie,F
Nia,F
Rene,F
John,F
Cornelia,F
Marcy,F
Bernadine,F
Denis,M
Cleveland,M
Viviana,F
Rodger,M
Katy,F
Devon,F
Zander,M
Virgie,F
Flossie,F
Roscoe,M
Ladonna,F
Tobias,M
Robbie,M
Rosalyn,F
Mauricio,M
Noe,M
Jayden,F
Ayla,F
Harriett,F
Christi,F
Elma,F
Lacy,F
Judah,M
Kiera,F
Malinda,F
Maddison,F
Corrine,F
Madalyn,F
Emerson,F
Mara,F
Elnora,F
Dorian,M
Susana,F
Kaylie,F
Erwin,M
Brendon,M
Rhett,M
Skye,F
Tabatha,F
Tanisha,F
Elton,M
Johnie,M
Ruthie,F
Silvia,F
Elyse,F
Neva,F
Nathanael,M
Noreen,F
Kamryn,F
Sammie,M
Marlin,M
Mavis,F
Keaton,M
Titus,M
Karissa,F
Tristen,M
Cadence,F
Christian,F
Lauryn,F
Elinor,F
Noemi,F
Raphael,M
Vaughn,M
Robert,F
Leonel,M
Kurtis,M
Nova,F
Jase,M
Yasmin,F
Tatum,F
Kristian,M
Barrett,M
Elwood,M
Cecile,F
Elvin,M
Norbert,M
Dorthy,F
Gale,F
Lia,F
Reynaldo,M
Nelda,F
Phil,M
Ashton,F
Dolly,F
Romeo,M
Louisa,F
Aden,M
Terrie,F
Latisha,F
Catalina,F
Perla,F
Derick,M
Mikaela,F
Adalyn,F
Maura,F
Precious,F
Alessandra,F
Nathalie,F
Carmella,F
Susanna,F
Melisa,F
Baylee,F
Vicente,M
Aron,M
Sybil,F
Paxton,M
Cash,M
Selina,F
Adalynn,F
Jayda,F
Danna,F
Kelsie,F
Kassidy,F
Esperanza,F
Sage,F
Emely,F
Reece,M
Hollie,F
Dollie,F
Letha,F
Macie,F
Georgina,F
Brenton,M
Scotty,M
Gus,M
Bryanna,F
Dona,F
Zayden,M
Marcel,M
Annika,F
Nyla,F
Annmarie,F
Kiley,F
Pierre,M
Dion,M
Valarie,F
Claudette,F
Ashley,M
Ariel,M
Katlyn,F
Adolph,M
River,M
Caiden,M
Abbey,F
Beverley,F
Araceli,F
Chanel,F
Ophelia,F
Lupe,F
Ignacio,M
Keenan,M
Raegan,F
Gillian,F
Bobbie,M
Alexus,F
Tate,M
Rylie,F
Matteo,M
Martina,F
Cortney,F
Kyleigh,F
Nayeli,F
Emery,M
Zackery,M
Kaylin,F
Arabella,F
Chandra,F
Kimberlee,F
Roslyn,F
Roxie,F
Rusty,M
Sarai,F
Gay,F
Jarvis,M
Pearlie,F
Londyn,F
Efrain,M
Ahmad,M
Magdalena,F
Beatriz,F
Saundra,F
Dulce,F
Colt,M
Justice,M
Skylar,M
Paulina,F
Cali,F
Amari,M
Khalil,M
Chuck,M
Eleanore,F
Elissa,F
Jamison,M
Juana,F
Ilene,F
Kenzie,F
Maci,F
Kade,M
Devin,F
Josh,M
Odessa,F
Sonny,M
Ulysses,M
Krystle,F
Lorrie,F
Arline,F
Loraine,F
Sharron,F
Deirdre,F
Lilian,F
Liza,F
Madilyn,F
Gunner,M
Carey,M
Belle,F
Tommie,F
Ned,M
Alyce,F
Prince,M
Everly,F
Abram,M
Marta,F
Jerry,F
Melina,F
Danica,F
Janae,F
Jacklyn,F
Elvis,M
Octavia,F
Jeanie,F
Wiley,M
Carley,F
Avis,F
Tyler,F
Santos,M
Shayna,F
Reese,M
Rhea,F
Al,M
Brandie,F
Cathryn,F
Russel,M
Asa,M
Augustus,M
Emory,M
Lilliana,F
Consuelo,F
Nanette,F
Suzette,F
Chrystal,F
Curt,M
Kobe,M
Raelynn,F
Althea,F
Joselyn,F
Nicolette,F
Charmaine,F
Major,M
Chantel,F
Parker,F
Anya,F
Blair,M
Karter,M
Lina,F
Bruno,M
Porter,M
Tyrell,M
Carmen,M
Uriel,M
Humberto,M
Zelma,F
Millard,M
Pierce,M
Coy,M
Javon,M
Hal,M
Coleman,M
Libby,F
Ainsley,F
Liana,F
Gemma,F
Ernie,M
Samara,F
Galen,M
Nona,F
Casandra,F
Bart,M
Corina,F
Damion,M
Nehemiah,M
Rickie,M
Shelby,M
Justice,F
Janna,F
Jax,M
Earline,F
Itzel,F
Ollie,M
Lavonne,F
Kermit,M
Norris,M
Marianna,F
Kaitlynn,F
Thurman,M
Orion,M
Cristal,F
Lyric,F
Augusta,F
Destinee,F
William,F
Kathrine,F
Miracle,F
Kaleigh,F
Aldo,M
Mina,F
Aniya,F
Barney,M
Monroe,M
Adelyn,F
Jamar,M
